规则,CTC统计量,p值,临界值,显著,训练集样本数,测试集样本数,训练集起始,训练集结束,测试集起始,测试集结束
CU左尾→PB左尾,0.8225086184036063,0.16417910447761194,0.8407006369426752,False,2095,524,2015-03-30,2023-11-06,2023-11-07,2025-12-31
CU左尾→PB右尾,0.874325112702201,0.32338308457711445,0.8876433121019108,False,2095,524,2015-03-30,2023-11-06,2023-11-07,2025-12-31
CU右尾→PB左尾,0.8389604879342348,0.35323383084577115,0.9079808917197452,False,2095,524,2015-03-30,2023-11-06,2023-11-07,2025-12-31
CU右尾→PB右尾,0.7966056748872977,0.4129353233830846,0.8483184713375795,False,2095,524,2015-03-30,2023-11-06,2023-11-07,2025-12-31
ZN左尾→PB左尾,0.7711058074781229,0.7761194029850746,0.8363184713375796,False,2095,524,2015-03-30,2023-11-06,2023-11-07,2025-12-31
ZN左尾→PB右尾,0.8424608857067091,0.3781094527363184,0.8787579617834396,False,2095,524,2015-03-30,2023-11-06,2023-11-07,2025-12-31
ZN右尾→PB左尾,0.829138159639353,0.13432835820895522,0.8392484076433121,False,2095,524,2015-03-30,2023-11-06,2023-11-07,2025-12-31
ZN右尾→PB右尾,0.8109573057544419,0.23383084577114427,0.8537961783439489,False,2095,524,2015-03-30,2023-11-06,2023-11-07,2025-12-31
AL左尾→PB左尾,0.8049323786793955,0.8955223880597015,0.838576433121019,False,2095,524,2015-03-30,2023-11-06,2023-11-07,2025-12-31
AL左尾→PB右尾,0.8355131264916469,0.417910447761194,0.8862866242038214,False,2095,524,2015-03-30,2023-11-06,2023-11-07,2025-12-31
AL右尾→PB左尾,0.8525059665871123,0.472636815920398,0.8887261146496815,False,2095,524,2015-03-30,2023-11-06,2023-11-07,2025-12-31
AL右尾→PB右尾,0.7989286661363034,0.6616915422885572,0.8427420382165606,False,2095,524,2015-03-30,2023-11-06,2023-11-07,2025-12-31
NI左尾→PB左尾,0.7646035534341022,0.472636815920398,0.7877133757961785,False,2095,524,2015-03-30,2023-11-06,2023-11-07,2025-12-31
NI左尾→PB右尾,0.8062582869265447,0.7064676616915423,0.8889203821656051,False,2095,524,2015-03-30,2023-11-06,2023-11-07,2025-12-31
NI右尾→PB左尾,0.8183505701405461,0.6467661691542289,0.8600636942675157,False,2095,524,2015-03-30,2023-11-06,2023-11-07,2025-12-31
NI右尾→PB右尾,0.7715300981172102,0.6069651741293532,0.8120414012738855,False,2095,524,2015-03-30,2023-11-06,2023-11-07,2025-12-31
AG左尾→PB左尾,0.8194855476001061,0.5323383084577115,0.8581656050955413,False,2095,524,2015-03-30,2023-11-06,2023-11-07,2025-12-31
AG左尾→PB右尾,0.8341978255104746,0.3482587064676617,0.855251592356688,False,2095,524,2015-03-30,2023-11-06,2023-11-07,2025-12-31
AG右尾→PB左尾,0.8036701140281093,0.472636815920398,0.8417229299363058,False,2095,524,2015-03-30,2023-11-06,2023-11-07,2025-12-31
AG右尾→PB右尾,0.8406894722885181,0.43283582089552236,0.8697641985138005,False,2095,524,2015-03-30,2023-11-06,2023-11-07,2025-12-31
AU左尾→PB左尾,0.8370299655263855,0.0945273631840796,0.8399745222929937,False,2095,524,2015-03-30,2023-11-06,2023-11-07,2025-12-31
AU左尾→PB右尾,0.8367541766109784,0.12437810945273632,0.8479697452229298,False,2095,524,2015-03-30,2023-11-06,2023-11-07,2025-12-31
AU右尾→PB左尾,0.791005038451339,0.22885572139303484,0.8094076433121021,False,2095,524,2015-03-30,2023-11-06,2023-11-07,2025-12-31
AU右尾→PB右尾,0.8232299124900556,0.42786069651741293,0.8765859872611466,False,2095,524,2015-03-30,2023-11-06,2023-11-07,2025-12-31
RB左尾→PB左尾,0.7663113232564306,0.9601990049751243,0.8203503184713375,False,2095,524,2015-03-30,2023-11-06,2023-11-07,2025-12-31
RB左尾→PB右尾,0.8271652081675948,0.42786069651741293,0.8540350318471338,False,2095,524,2015-03-30,2023-11-06,2023-11-07,2025-12-31
RB右尾→PB左尾,0.8382285865818085,0.27860696517412936,0.8546656050955416,False,2095,524,2015-03-30,2023-11-06,2023-11-07,2025-12-31
RB右尾→PB右尾,0.8427897109520021,0.29850746268656714,0.8593439490445859,False,2095,524,2015-03-30,2023-11-06,2023-11-07,2025-12-31
SN左尾→PB左尾,0.7673508353221957,0.7860696517412935,0.8424872611464967,False,2095,524,2015-03-30,2023-11-06,2023-11-07,2025-12-31
SN左尾→PB右尾,0.8211508883585253,0.7412935323383084,0.8730000000000001,False,2095,524,2015-03-30,2023-11-06,2023-11-07,2025-12-31
SN右尾→PB左尾,0.8174807743304163,0.36318407960199006,0.8355350318471336,False,2095,524,2015-03-30,2023-11-06,2023-11-07,2025-12-31
SN右尾→PB右尾,0.7967753911429328,0.8159203980099502,0.8574140127388534,False,2095,524,2015-03-30,2023-11-06,2023-11-07,2025-12-31
