规则,CTC统计量,p值,临界值,显著,训练集样本数,测试集样本数,训练集起始,训练集结束,测试集起始,测试集结束,预警次数,命中次数,命中率,平均延迟,测试集效果事件总次数,无条件基准,绝对增量,相对增量,增量是否为正
PB左尾→AU左尾,0.7550145849907186,0.7910447761194029,0.8171146496815285,False,2095,524,2015-03-30,2023-11-06,2023-11-07,2025-12-31,,,,,,,,,
PB左尾→AU右尾,0.7935083532219571,0.5024875621890548,0.8720000000000001,False,2095,524,2015-03-30,2023-11-06,2023-11-07,2025-12-31,,,,,,,,,
PB右尾→AU左尾,0.8245133916732962,0.29850746268656714,0.8529458598726112,False,2095,524,2015-03-30,2023-11-06,2023-11-07,2025-12-31,,,,,,,,,
PB右尾→AU右尾,0.8069477592150622,0.5074626865671642,0.8574267515923567,False,2095,524,2015-03-30,2023-11-06,2023-11-07,2025-12-31,,,,,,,,,
CU左尾→AU左尾,0.8466083267037922,0.21393034825870647,0.860643312101911,False,2095,524,2015-03-30,2023-11-06,2023-11-07,2025-12-31,,,,,,,,,
CU左尾→AU右尾,0.839787854680456,0.1890547263681592,0.8655414012738853,False,2095,524,2015-03-30,2023-11-06,2023-11-07,2025-12-31,,,,,,,,,
CU右尾→AU左尾,0.851233094669849,0.26865671641791045,0.8726114649681529,False,2095,524,2015-03-30,2023-11-06,2023-11-07,2025-12-31,,,,,,,,,
CU右尾→AU右尾,0.8154335719968177,0.2935323383084577,0.8289235668789808,False,2095,524,2015-03-30,2023-11-06,2023-11-07,2025-12-31,,,,,,,,,
ZN左尾→AU左尾,0.8001272871917265,0.6069651741293532,0.8276496815286621,False,2095,524,2015-03-30,2023-11-06,2023-11-07,2025-12-31,,,,,,,,,
ZN左尾→AU右尾,0.8116998143728453,0.09950248756218906,0.8297547770700636,False,2095,524,2015-03-30,2023-11-06,2023-11-07,2025-12-31,,,,,,,,,
ZN右尾→AU左尾,0.837157252718112,0.36318407960199006,0.8761942675159238,False,2095,524,2015-03-30,2023-11-06,2023-11-07,2025-12-31,,,,,,,,,
ZN右尾→AU右尾,0.8110739856801908,0.1691542288557214,0.8461210191082804,False,2095,524,2015-03-30,2023-11-06,2023-11-07,2025-12-31,,,,,,,,,
AL左尾→AU左尾,0.7987483426146914,0.6716417910447762,0.8745923566878979,False,2095,524,2015-03-30,2023-11-06,2023-11-07,2025-12-31,,,,,,,,,
AL左尾→AU右尾,0.8231238398302838,0.3482587064676617,0.8671589702760086,False,2095,524,2015-03-30,2023-11-06,2023-11-07,2025-12-31,,,,,,,,,
AL右尾→AU左尾,0.8111694510739856,0.21890547263681592,0.8271974522292994,False,2095,524,2015-03-30,2023-11-06,2023-11-07,2025-12-31,,,,,,,,,
AL右尾→AU右尾,0.7914399363564041,0.6268656716417911,0.8272993630573247,False,2095,524,2015-03-30,2023-11-06,2023-11-07,2025-12-31,,,,,,,,,
NI左尾→AU左尾,0.825372580217449,0.5472636815920398,0.8810350318471336,False,2095,524,2015-03-30,2023-11-06,2023-11-07,2025-12-31,,,,,,,,,
NI左尾→AU右尾,0.8268682047202333,0.004975124378109453,0.8159554140127389,True,2095,524,2015-03-30,2023-11-06,2023-11-07,2025-12-31,20.0,5.0,0.25,2.4,83.0,0.46153846153846156,-0.21153846153846156,0.5416666666666666,False
NI右尾→AU左尾,0.8440201538053571,0.1890547263681592,0.8545254777070063,False,2095,524,2015-03-30,2023-11-06,2023-11-07,2025-12-31,,,,,,,,,
NI右尾→AU右尾,0.8093025722619994,0.24875621890547264,0.8352738853503184,False,2095,524,2015-03-30,2023-11-06,2023-11-07,2025-12-31,,,,,,,,,
AG左尾→AU左尾,0.8313550782285867,0.35323383084577115,0.8695439225053079,False,2095,524,2015-03-30,2023-11-06,2023-11-07,2025-12-31,,,,,,,,,
AG左尾→AU右尾,0.850204189870061,0.4925373134328358,0.8935254777070063,False,2095,524,2015-03-30,2023-11-06,2023-11-07,2025-12-31,,,,,,,,,
AG右尾→AU左尾,0.8389392734022808,0.263681592039801,0.8796305732484075,False,2095,524,2015-03-30,2023-11-06,2023-11-07,2025-12-31,,,,,,,,,
AG右尾→AU右尾,0.855826040837974,0.12935323383084577,0.8709554140127389,False,2095,524,2015-03-30,2023-11-06,2023-11-07,2025-12-31,,,,,,,,,
RB左尾→AU左尾,0.8118058870326172,0.009950248756218905,0.8028694267515922,True,2095,524,2015-03-30,2023-11-06,2023-11-07,2025-12-31,13.0,2.0,0.15384615384615385,1.5,53.0,0.32884615384615384,-0.175,0.46783625730994155,False
RB左尾→AU右尾,0.8172368072129408,0.3582089552238806,0.8399140127388534,False,2095,524,2015-03-30,2023-11-06,2023-11-07,2025-12-31,,,,,,,,,
RB右尾→AU左尾,0.835958631662689,0.3034825870646766,0.8761242038216562,False,2095,524,2015-03-30,2023-11-06,2023-11-07,2025-12-31,,,,,,,,,
RB右尾→AU右尾,0.8196234420578097,0.5174129353233831,0.8536878980891718,False,2095,524,2015-03-30,2023-11-06,2023-11-07,2025-12-31,,,,,,,,,
SN左尾→AU左尾,0.8557517899761337,0.22885572139303484,0.867249203821656,False,2095,524,2015-03-30,2023-11-06,2023-11-07,2025-12-31,,,,,,,,,
SN左尾→AU右尾,0.8052824184566431,0.48258706467661694,0.8648312101910829,False,2095,524,2015-03-30,2023-11-06,2023-11-07,2025-12-31,,,,,,,,,
SN右尾→AU左尾,0.8227525855210823,0.582089552238806,0.8639585987261146,False,2095,524,2015-03-30,2023-11-06,2023-11-07,2025-12-31,,,,,,,,,
SN右尾→AU右尾,0.8058870326173431,0.48258706467661694,0.8419203821656049,False,2095,524,2015-03-30,2023-11-06,2023-11-07,2025-12-31,,,,,,,,,
