品种,ADF统计量,ADF-p值,左尾指数,左尾95%CI下界,左尾95%CI上界,右尾指数,右尾95%CI下界,右尾95%CI上界
PB,-32.00820528624544,0.0000000000e+00,2.449797590509063,2.152585809046257,2.7470093719718696,2.456360418928265,2.158352428858894,2.754368408997636
CU,-24.972926574318073,0.0000000000e+00,2.2193684724513845,1.9501125714842378,2.488624373418531,2.3782300401999725,2.0897009022358377,2.6667591781641073
ZN,-53.28152909524579,0.0000000000e+00,2.306114299336391,2.0263343118721227,2.585894286800659,2.7065924226828866,2.378226047127691,3.0349587982380823
AG,-13.738515258934244,1.1056426039e-25,1.9951682878252326,1.7531125672057128,2.2372240084447523,2.0928191577381234,1.8389163403949222,2.3467219750813246
AU,-24.22932704895284,0.0000000000e+00,2.23769364333926,1.9662145151527315,2.509172771525788,2.498979067119071,2.195800541981252,2.80215759225689
AL,-10.355479113882364,2.4731295387e-18,1.9925885421041793,1.7508457986973265,2.234331285511032,2.6428692421612916,2.3222338236764566,2.9635046606461266
NI,-15.135841472792611,7.1241695449e-28,2.4206328099167504,2.1269593274666443,2.7143062923668566,2.408806290615589,2.1165676127728594,2.701044968458319
RB,-23.382904192006816,0.0000000000e+00,2.067029441947218,1.816255457534268,2.317803426360168,2.617635653897351,2.3000615984204966,2.935209709374205
SN,-15.192924955918201,5.9754967463e-28,1.902385679353459,1.6715864333339212,2.133184925372997,2.2056084257704334,1.9380219067974975,2.473194944743369
