窗口,效果变量,规则,CTC统计量,p值,临界值,命中率,平均延迟,无条件基准,绝对增量,相对增量,预警次数,命中次数,测试集效果事件总次数,测试集样本数
"[1,9]",CU,AG右尾→CU右尾,0.9293556085918855,0.009950248756218905,0.9239712048832271,0.6052631578947368,4.521739130434782,0.4640776699029126,0.14118548799182423,1.304228143580709,76,46,43,524
"[1,9]",ZN,CU左尾→ZN右尾,0.9421479713603818,0.01990049751243781,0.9332547770700638,0.6111111111111112,4.7727272727272725,0.3941747572815534,0.21693635382955778,1.5503557744937058,36,22,30,524
"[1,9]",ZN,RB右尾→ZN右尾,0.9500503845133915,0.004975124378109453,0.9486656050955417,0.35294117647058826,3.8333333333333335,0.3941747572815534,-0.04123358081096512,0.8953926398145466,17,6,30,524
"[1,9]",AL,SN左尾→AL左尾,0.9318271015645717,0.004975124378109453,0.9261464968152869,0.4807692307692308,4.64,0.37281553398058254,0.10795369678864825,1.2895633012820513,52,25,27,524
"[1,9]",NI,SN左尾→NI右尾,0.947780429594272,0.004975124378109453,0.9451656050955414,0.5,4.923076923076923,0.31844660194174756,0.18155339805825244,1.5701219512195121,52,26,25,524
"[1,9]",NI,SN右尾→NI右尾,0.930479978785468,0.004975124378109453,0.9247452229299363,0.48148148148148145,4.1923076923076925,0.31844660194174756,0.1630348795397339,1.5119692863595302,54,26,25,524
"[1,9]",AG,NI左尾→AG右尾,0.9296101829753382,0.014925373134328358,0.9196815286624204,0.8,4.3125,0.7805825242718447,0.01941747572815533,1.0248756218905473,20,16,76,524
"[1,9]",AG,NI右尾→AG左尾,0.9312543092018031,0.009950248756218905,0.9227038216560511,0.72,4.222222222222222,0.5825242718446602,0.13747572815533982,1.236,25,18,55,524
"[1,9]",SN,NI右尾→SN左尾,0.9359957570936093,0.014925373134328358,0.9340987261146498,0.52,4.3076923076923075,0.5611650485436893,-0.0411650485436893,0.9266435986159169,25,13,52,524
"[1,9]",SN,NI右尾→SN右尾,0.926915937417131,0.004975124378109453,0.9145859872611466,0.36,5.333333333333333,0.5941747572815534,-0.23417475728155346,0.6058823529411764,25,9,54,524
