方向,L1,L2,L3,L4,L5
铜左尾→铅右尾,0.2114,0.1914,0.2712,0.1632,0.1490
铜左尾→铝左尾,0.0876,0.0639,0.1421,0.1371,0.2228
镍右尾→铝右尾,0.0002,0.0009,0.0036,0.0032,0.0060
锡左尾→铝左尾,0.0006,0.0028,0.0029,0.0068,0.0134
铅左尾→镍左尾,0.4640,0.8338,0.9068,0.4372,0.5745
白银右尾→镍右尾,0.2685,0.5185,0.4651,0.1054,0.1005
锡右尾→镍左尾,0.0555,0.0185,0.0389,0.0456,0.0845
锡右尾→镍右尾,0.0555,0.0185,0.0389,0.0456,0.0845
锡右尾→白银右尾,0.3132,0.2886,0.5065,0.4359,0.5221
镍右尾→黄金左尾,0.6014,0.8066,0.8858,0.9333,0.5360
白银右尾→黄金右尾,0.1813,0.0853,0.0588,0.0772,0.0365
铅左尾→螺纹钢左尾,0.1991,0.4292,0.6349,0.7159,0.7041
