品种,左尾阈值,右尾阈值,训练集左尾,训练集右尾,训练集频率-左,训练集频率-右,测试集左尾,测试集右尾
PB,-0.010124,0.01061,315,315,15.04%,15.04%,46,50
CU,-0.009008,0.00983,315,315,15.04%,15.04%,55,62
ZN,-0.012121,0.012616,315,315,15.04%,15.04%,50,52
AL,-0.009382,0.00981,315,315,15.04%,15.04%,45,51
NI,-0.017143,0.016886,315,315,15.04%,15.04%,48,45
AG,-0.010934,0.011485,315,315,15.04%,15.04%,77,110
AU,-0.006585,0.007081,315,315,15.04%,15.04%,75,121
RB,-0.014328,0.015723,315,315,15.04%,15.04%,43,31
SN,-0.010909,0.012283,315,315,15.04%,15.04%,82,86
