规则,显著窗口数,显著窗口列表,平均命中率,平均绝对增量,平均相对增量,最小p值
NI右尾→SN右尾,16,"[1,5], [1,6], [1,7], [1,8], [1,9], [1,10], [1,11], [1,12], [1,13], [1,14], [1,15], [1,16], [1,17], [1,18], [1,19], [1,20]",0.7333333333333333,-0.14866654731843812,0.8244883728803102,0.004975124378109453
SN左尾→NI右尾,15,"[1,4], [1,5], [1,8], [1,9], [1,10], [1,11], [1,12], [1,13], [1,14], [1,15], [1,16], [1,17], [1,18], [1,19], [1,20]",0.656910569105691,0.060150178586030036,1.1063582322136258,0.004975124378109453
SN左尾→AL左尾,14,"[1,3], [1,4], [1,5], [1,8], [1,9], [1,11], [1,12], [1,13], [1,14], [1,15], [1,16], [1,17], [1,19], [1,20]",0.6219512195121951,0.03525202188967495,1.0534896143213062,0.004975124378109453
AG右尾→AU右尾,13,"[1,2], [1,3], [1,5], [1,6], [1,12], [1,13], [1,14], [1,15], [1,16], [1,17], [1,18], [1,19], [1,20]",0.8524475524475524,0.032620097297894786,1.0477469904862957,0.004975124378109453
SN右尾→NI右尾,12,"[1,3], [1,6], [1,7], [1,8], [1,9], [1,10], [1,11], [1,12], [1,13], [1,14], [1,19], [1,20]",0.5901162790697675,0.042673042104069116,1.0879336037887348,0.004975124378109453
NI左尾→AL右尾,11,"[1,8], [1,10], [1,11], [1,12], [1,13], [1,14], [1,15], [1,16], [1,17], [1,18], [1,19]",0.6988636363636364,0.01269126242368594,1.0180845679564248,0.004975124378109453
NI左尾→SN右尾,10,"[1,8], [1,12], [1,13], [1,14], [1,15], [1,16], [1,17], [1,18], [1,19], [1,20]",0.9416666666666667,-0.010363701491631249,0.9900964959648928,0.004975124378109453
CU左尾→ZN右尾,9,"[1,8], [1,9], [1,10], [1,11], [1,15], [1,16], [1,17], [1,18], [1,19]",0.8484848484848485,0.12362761371585831,1.1761138203392199,0.004975124378109453
NI左尾→AG右尾,9,"[1,4], [1,5], [1,6], [1,7], [1,8], [1,9], [1,10], [1,11], [1,12]",0.8148148148148148,-0.009969813086772103,0.9872818404919155,0.004975124378109453
RB右尾→ZN右尾,9,"[1,9], [1,13], [1,14], [1,15], [1,16], [1,17], [1,18], [1,19], [1,20]",0.7634408602150538,-0.010087934533723721,0.9879953625527951,0.004975124378109453
CU左尾→ZN左尾,8,"[1,2], [1,10], [1,11], [1,12], [1,13], [1,14], [1,15], [1,16]",0.7181818181818183,0.05092843892287853,1.1314579322135234,0.004975124378109453
NI右尾→AG左尾,7,"[1,5], [1,6], [1,7], [1,8], [1,9], [1,10], [1,11]",0.7301587301587301,0.05095162886024935,1.075635256231601,0.004975124378109453
AG右尾→CU右尾,6,"[1,6], [1,7], [1,8], [1,9], [1,10], [1,11]",0.6363636363636364,0.057770404455190306,1.1002884152755426,0.004975124378109453
NI右尾→SN左尾,5,"[1,6], [1,7], [1,8], [1,9], [1,10]",0.7022222222222222,0.007861970620705882,1.01347098221473,0.004975124378109453
SN左尾→NI左尾,4,"[1,17], [1,18], [1,19], [1,20]",0.8079268292682926,0.023511952501847982,1.030300842141724,0.004975124378109453
AL左尾→NI右尾,4,"[1,4], [1,5], [1,6], [1,7]",0.4111111111111111,0.04647830522722911,1.1325220376912188,0.009950248756218905
PB右尾→CU左尾,4,"[1,6], [1,7], [1,14], [1,15]",0.645,0.08847495140228444,1.1740701763577532,0.004975124378109453
SN右尾→NI左尾,3,"[1,3], [1,4], [1,7]",0.46511627906976744,0.10150341869944396,1.298570239345062,0.009950248756218905
SN右尾→AG右尾,3,"[1,3], [1,5], [1,7]",0.6550387596899224,-0.021669373291457777,0.9641344460531535,0.004975124378109453
CU左尾→AL左尾,3,"[1,3], [1,7], [1,8]",0.503030303030303,0.1029385911758713,1.2750662079472204,0.01990049751243781
RB右尾→PB左尾,3,"[1,18], [1,19], [1,20]",0.7096774193548386,0.0007437620139493969,1.0014442559784948,0.03980099502487562
NI右尾→AL右尾,2,"[1,2], [1,3]",0.26666666666666666,0.03939962200601552,1.1924272826636648,0.004975124378109453
AL左尾→SN左尾,2,"[1,10], [1,11]",0.8555555555555555,0.058070327136474975,1.072414922290234,0.03980099502487562
AL左尾→ZN右尾,2,"[1,6], [1,14]",0.6444444444444444,0.030491836374189313,1.0652566607208585,0.024875621890547265
PB左尾→NI左尾,2,"[1,3], [1,6]",0.4891304347826087,0.1346739766793176,1.3700447570332481,0.04477611940298507
CU右尾→AL左尾,2,"[1,6], [1,18]",0.6129032258064516,0.03776244414393082,1.0717014712574187,0.004975124378109453
CU左尾→PB右尾,2,"[1,3], [1,11]",0.5454545454545454,0.14191210008969382,1.387784090909091,0.03980099502487562
AL右尾→CU左尾,1,"[1,2]",0.2549019607843137,0.06716249718278114,1.3577430972388955,0.029850746268656716
AL右尾→AU左尾,1,"[1,2]",0.21568627450980393,-0.044850123957628996,0.8278546712802769,0.004975124378109453
AG右尾→NI右尾,1,"[1,3]",0.2,-0.028406909788867563,0.8756302521008403,0.004975124378109453
AL右尾→NI左尾,1,"[1,7]",0.6078431372549019,0.10881025524329652,1.2180422556619546,0.04975124378109453
AL右尾→AG左尾,1,"[1,2]",0.35294117647058826,0.08282623394185262,1.3066332916145182,0.03980099502487562
CU右尾→AG右尾,1,"[1,7]",0.8870967741935484,0.06117801210457352,1.0740726750774345,0.04975124378109453
NI右尾→ZN右尾,1,"[1,5]",0.4,-0.018111753371868933,0.9566820276497697,0.024875621890547265
NI右尾→AU左尾,1,"[1,3]",0.4444444444444444,0.08359991469396455,1.2316784869976358,0.03482587064676617
AL左尾→ZN左尾,1,"[1,16]",0.8666666666666667,0.0556430446194226,1.0686084142394823,0.024875621890547265
AU右尾→CU左尾,1,"[1,5]",0.36363636363636365,0.0014012961989840478,1.0038684719535782,0.04975124378109453
RB右尾→PB右尾,1,"[1,2]",0.16129032258064516,-0.01495488814732418,0.9151472650771388,0.014925373134328358
PB左尾→RB左尾,1,"[1,3]",0.41304347826086957,0.184636568472002,1.8083668249908658,0.04975124378109453
NI左尾→AU右尾,1,"[1,4]",0.6041666666666666,-0.003525641025641013,0.994198312236287,0.004975124378109453
RB左尾→AU左尾,1,"[1,4]",0.37209302325581395,-0.07021466905187834,0.8412537917087968,0.009950248756218905
